,Kingdom,Phylum,Class,Order,Family,Genus,Species,Population,Lifespan (Years),Habitat Area (kmÂ²),Extinction Risk,Weight (kg),Discovery Year
0,Animalia,Chordata,Mammalia,Carnivora,Felidae,Panthera,Panthera_species_a,9343183,44.0,254426,2,700.94,1872
1,Animalia,Chordata,Mammalia,Carnivora,Felidae,Panthera,Panthera_species_b,9974993,22.1,682511,1,777.85,1957
2,Animalia,Chordata,Mammalia,Carnivora,Felidae,Panthera,Panthera_species_c,6202721,52.9,609389,2,285.51,1817
3,Animalia,Chordata,Mammalia,Carnivora,Felidae,Panthera,Panthera_species_d,703118,40.6,583639,4,458.92,1770
4,Animalia,Chordata,Mammalia,Carnivora,Felidae,Felis,Felis_species_a,3697551,29.0,67266,1,636.21,1988
5,Animalia,Chordata,Mammalia,Carnivora,Felidae,Felis,Felis_species_b,4455994,13.2,221936,5,682.36,1946
6,Animalia,Chordata,Mammalia,Carnivora,Felidae,Felis,Felis_species_c,5590979,40.7,103143,4,378.78,2002
7,Animalia,Chordata,Mammalia,Carnivora,Felidae,Felis,Felis_species_d,6367620,94.4,630969,4,610.93,1828
8,Animalia,Chordata,Mammalia,Carnivora,Canidae,Canis,Canis_species_a,4564688,71.8,314192,1,259.52,1834
9,Animalia,Chordata,Mammalia,Carnivora,Canidae,Canis,Canis_species_b,579010,18.0,719756,5,9.01,1706
10,Animalia,Chordata,Mammalia,Carnivora,Canidae,Canis,Canis_species_c,264173,15.8,160620,1,927.83,1787
11,Animalia,Chordata,Mammalia,Carnivora,Canidae,Canis,Canis_species_d,101195,86.7,638695,3,978.42,1772
12,Animalia,Chordata,Mammalia,Carnivora,Canidae,Vulpes,Vulpes_species_a,4622995,85.7,528465,3,837.29,1995
13,Animalia,Chordata,Mammalia,Carnivora,Canidae,Vulpes,Vulpes_species_b,3683572,11.5,618227,1,50.96,1978
14,Animalia,Chordata,Mammalia,Carnivora,Canidae,Vulpes,Vulpes_species_c,8744709,17.4,208500,1,152.33,1767
15,Animalia,Chordata,Mammalia,Carnivora,Canidae,Vulpes,Vulpes_species_d,3610772,93.8,68948,1,61.01,1752
16,Animalia,Chordata,Mammalia,Primates,Hominidae,Homo,Homo_species_a,4075954,18.4,567824,1,852.72,1859
17,Animalia,Chordata,Mammalia,Primates,Hominidae,Homo,Homo_species_b,7526237,50.8,503839,2,314.97,1880
18,Animalia,Chordata,Mammalia,Primates,Hominidae,Homo,Homo_species_c,1023084,4.8,674721,4,752.77,1786
19,Animalia,Chordata,Mammalia,Primates,Hominidae,Homo,Homo_species_d,5345922,7.5,655354,3,134.15,1786
20,Animalia,Chordata,Mammalia,Primates,Hominidae,Pan,Pan_species_a,6112696,38.0,481448,3,302.56,2004
21,Animalia,Chordata,Mammalia,Primates,Hominidae,Pan,Pan_species_b,5096587,98.4,802739,5,764.35,1862
22,Animalia,Chordata,Mammalia,Primates,Hominidae,Pan,Pan_species_c,1997312,36.8,260836,3,69.03,1782
23,Animalia,Chordata,Mammalia,Primates,Hominidae,Pan,Pan_species_d,9175363,2.7,801800,1,987.01,1721
24,Animalia,Chordata,Mammalia,Primates,Cebidae,Cebus,Cebus_species_a,1326679,52.6,313684,5,68.37,1892
25,Animalia,Chordata,Mammalia,Primates,Cebidae,Cebus,Cebus_species_b,8847935,93.7,940425,1,502.17,1760
26,Animalia,Chordata,Mammalia,Primates,Cebidae,Cebus,Cebus_species_c,5699905,95.7,673045,2,983.47,2000
27,Animalia,Chordata,Mammalia,Primates,Cebidae,Cebus,Cebus_species_d,550391,14.1,869592,3,648.97,1854
28,Animalia,Chordata,Mammalia,Primates,Cebidae,Saimiri,Saimiri_species_a,5130733,41.6,498438,5,927.67,1996
29,Animalia,Chordata,Mammalia,Primates,Cebidae,Saimiri,Saimiri_species_b,8162587,1.9,312941,2,359.67,1904
30,Animalia,Chordata,Mammalia,Primates,Cebidae,Saimiri,Saimiri_species_c,4170605,77.5,557262,5,954.64,1827
31,Animalia,Chordata,Mammalia,Primates,Cebidae,Saimiri,Saimiri_species_d,1179996,12.7,228336,1,590.05,1843
32,Animalia,Chordata,Mammalia,Rodentia,Muridae,Mus,Mus_species_a,8551777,98.3,795574,5,9.76,1887
33,Animalia,Chordata,Mammalia,Rodentia,Muridae,Mus,Mus_species_b,2308417,4.0,434362,2,52.49,1834
34,Animalia,Chordata,Mammalia,Rodentia,Muridae,Mus,Mus_species_c,2945932,62.6,61034,4,211.11,1954
35,Animalia,Chordata,Mammalia,Rodentia,Muridae,Mus,Mus_species_d,332332,83.6,757394,1,956.55,2019
36,Animalia,Chordata,Mammalia,Rodentia,Muridae,Rattus,Rattus_species_a,3657665,98.3,990563,1,109.18,1738
37,Animalia,Chordata,Mammalia,Rodentia,Muridae,Rattus,Rattus_species_b,3621832,24.3,321911,2,529.79,1716
38,Animalia,Chordata,Mammalia,Rodentia,Muridae,Rattus,Rattus_species_c,5438393,82.0,305315,4,314.25,1869
39,Animalia,Chordata,Mammalia,Rodentia,Muridae,Rattus,Rattus_species_d,4120814,53.6,860486,4,994.47,1740
40,Animalia,Chordata,Mammalia,Rodentia,Sciuridae,Sciurus,Sciurus_species_a,5829632,32.6,776720,5,781.3,1760
41,Animalia,Chordata,Mammalia,Rodentia,Sciuridae,Sciurus,Sciurus_species_b,3568412,44.8,801187,4,861.39,1772
42,Animalia,Chordata,Mammalia,Rodentia,Sciuridae,Sciurus,Sciurus_species_c,3936672,43.8,269360,1,126.02,1762
43,Animalia,Chordata,Mammalia,Rodentia,Sciuridae,Sciurus,Sciurus_species_d,3906795,34.7,68697,1,912.97,1796
44,Animalia,Chordata,Mammalia,Rodentia,Sciuridae,Tamias,Tamias_species_a,372836,8.5,421569,5,489.68,1842
45,Animalia,Chordata,Mammalia,Rodentia,Sciuridae,Tamias,Tamias_species_b,7876132,94.5,20142,2,185.86,1768
46,Animalia,Chordata,Mammalia,Rodentia,Sciuridae,Tamias,Tamias_species_c,5335583,71.9,926102,5,196.97,1735
47,Animalia,Chordata,Mammalia,Rodentia,Sciuridae,Tamias,Tamias_species_d,4170202,8.5,354648,5,874.29,1890
48,Animalia,Chordata,Aves,Passeriformes,Corvidae,Corvus,Corvus_species_a,1267118,32.5,546335,3,871.93,1786
49,Animalia,Chordata,Aves,Passeriformes,Corvidae,Corvus,Corvus_species_b,5043787,37.1,259891,3,99.91,2013
50,Animalia,Chordata,Aves,Passeriformes,Corvidae,Corvus,Corvus_species_c,4645845,79.7,815356,3,985.55,1961
51,Animalia,Chordata,Aves,Passeriformes,Corvidae,Corvus,Corvus_species_d,2008284,27.3,292910,3,623.88,1761
52,Animalia,Chordata,Aves,Passeriformes,Paridae,Parus,Parus_species_a,7194790,66.0,558331,5,128.33,1898
53,Animalia,Chordata,Aves,Passeriformes,Paridae,Parus,Parus_species_b,6293380,11.9,802126,4,847.98,2013
54,Animalia,Chordata,Aves,Passeriformes,Paridae,Parus,Parus_species_c,5440619,37.0,528063,2,23.64,1782
55,Animalia,Chordata,Aves,Passeriformes,Paridae,Parus,Parus_species_d,3586140,8.8,376930,4,936.52,1722
56,Animalia,Chordata,Aves,Falconiformes,Falconidae,Falco,Falco_species_a,2274918,34.3,889866,1,504.05,1955
57,Animalia,Chordata,Aves,Falconiformes,Falconidae,Falco,Falco_species_b,2398125,97.1,58169,1,641.53,1800
58,Animalia,Chordata,Aves,Falconiformes,Falconidae,Falco,Falco_species_c,7956541,3.5,228694,5,946.44,2011
59,Animalia,Chordata,Aves,Falconiformes,Falconidae,Falco,Falco_species_d,6529276,36.9,643193,4,536.49,1956
60,Animalia,Chordata,Aves,Anseriformes,Anatidae,Anas,Anas_species_a,1680530,77.2,125107,5,585.7,1719
61,Animalia,Chordata,Aves,Anseriformes,Anatidae,Anas,Anas_species_b,8295289,80.3,682867,2,652.88,1718
62,Animalia,Chordata,Aves,Anseriformes,Anatidae,Anas,Anas_species_c,2637142,61.3,651926,1,777.2,1788
63,Animalia,Chordata,Aves,Anseriformes,Anatidae,Anas,Anas_species_d,7665896,93.1,340388,5,899.69,1997
64,Animalia,Chordata,Reptilia,Squamata,Colubridae,Natrix,Natrix_species_a,6840109,79.8,579024,4,609.92,1796
65,Animalia,Chordata,Reptilia,Squamata,Colubridae,Natrix,Natrix_species_b,3307647,6.9,966080,1,116.95,2022
66,Animalia,Chordata,Reptilia,Squamata,Colubridae,Natrix,Natrix_species_c,1079763,9.6,978728,4,968.34,1734
67,Animalia,Chordata,Reptilia,Squamata,Colubridae,Natrix,Natrix_species_d,2246799,48.7,796040,5,592.49,1862
68,Animalia,Chordata,Reptilia,Testudines,Cheloniidae,Chelonia,Chelonia_species_a,9347518,37.8,65307,3,853.49,1890
69,Animalia,Chordata,Reptilia,Testudines,Cheloniidae,Chelonia,Chelonia_species_b,9574181,35.4,273850,5,22.27,1802
70,Animalia,Chordata,Reptilia,Testudines,Cheloniidae,Chelonia,Chelonia_species_c,1506791,25.3,428537,5,0.3,1932
71,Animalia,Chordata,Reptilia,Testudines,Cheloniidae,Chelonia,Chelonia_species_d,3289964,40.5,893814,4,347.56,1720
72,Plantae,Magnoliophyta,Rosopsida,Rosales,Rosaceae,Malus,Malus_species_a,5909313,17.8,345958,5,176.28,1760
73,Plantae,Magnoliophyta,Rosopsida,Rosales,Rosaceae,Malus,Malus_species_b,6577652,10.5,969351,2,773.52,1824
74,Plantae,Magnoliophyta,Rosopsida,Rosales,Rosaceae,Malus,Malus_species_c,57509,44.3,326874,3,378.71,1735
75,Plantae,Magnoliophyta,Rosopsida,Rosales,Rosaceae,Malus,Malus_species_d,8137104,76.4,364133,2,45.61,1751
76,Plantae,Magnoliophyta,Rosopsida,Rosales,Rosaceae,Prunus,Prunus_species_a,9658216,39.7,337366,5,13.19,1804
77,Plantae,Magnoliophyta,Rosopsida,Rosales,Rosaceae,Prunus,Prunus_species_b,4184370,55.1,153388,1,173.66,1869
78,Plantae,Magnoliophyta,Rosopsida,Rosales,Rosaceae,Prunus,Prunus_species_c,5485237,14.8,394927,4,781.34,1831
79,Plantae,Magnoliophyta,Rosopsida,Rosales,Rosaceae,Prunus,Prunus_species_d,4567312,16.6,932914,3,228.32,1817
80,Plantae,Magnoliophyta,Rosopsida,Rosales,Moraceae,Ficus,Ficus_species_a,1384519,98.8,501064,5,739.1,1715
81,Plantae,Magnoliophyta,Rosopsida,Rosales,Moraceae,Ficus,Ficus_species_b,2372968,2.8,223254,1,484.42,1700
82,Plantae,Magnoliophyta,Rosopsida,Rosales,Moraceae,Ficus,Ficus_species_c,9479981,77.1,265391,4,383.71,1826
83,Plantae,Magnoliophyta,Rosopsida,Rosales,Moraceae,Ficus,Ficus_species_d,2642256,31.6,959441,1,897.06,1884
84,Plantae,Magnoliophyta,Rosopsida,Fagales,Fagaceae,Quercus,Quercus_species_a,9572509,35.4,972368,4,670.82,2011
85,Plantae,Magnoliophyta,Rosopsida,Fagales,Fagaceae,Quercus,Quercus_species_b,5011152,83.5,722543,2,588.77,1792
86,Plantae,Magnoliophyta,Rosopsida,Fagales,Fagaceae,Quercus,Quercus_species_c,1370779,40.7,518961,3,261.21,1774
87,Plantae,Magnoliophyta,Rosopsida,Fagales,Fagaceae,Quercus,Quercus_species_d,4136936,20.5,840591,4,816.32,1922
88,Plantae,Magnoliophyta,Liliopsida,Poales,Poaceae,Zea,Zea_species_a,502988,65.7,65502,3,700.64,1874
89,Plantae,Magnoliophyta,Liliopsida,Poales,Poaceae,Zea,Zea_species_b,7857904,76.2,427854,4,661.98,1790
90,Plantae,Magnoliophyta,Liliopsida,Poales,Poaceae,Zea,Zea_species_c,6575347,92.6,984721,4,124.27,1960
91,Plantae,Magnoliophyta,Liliopsida,Poales,Poaceae,Zea,Zea_species_d,1997610,27.6,286261,2,570.29,1856
92,Plantae,Coniferophyta,Pinopsida,Pinales,Pinaceae,Pinus,Pinus_species_a,8418238,88.5,668727,1,261.96,1928
93,Plantae,Coniferophyta,Pinopsida,Pinales,Pinaceae,Pinus,Pinus_species_b,9534093,9.8,318107,2,730.68,1714
94,Plantae,Coniferophyta,Pinopsida,Pinales,Pinaceae,Pinus,Pinus_species_c,3687139,47.9,359197,4,922.01,1716
95,Plantae,Coniferophyta,Pinopsida,Pinales,Pinaceae,Pinus,Pinus_species_d,2698935,1.4,147796,3,390.53,1771
96,Plantae,Bryophyta,Bryopsida,Polytrichales,Polytrichaceae,Polytrichum,Polytrichum_species_a,1746681,56.4,915822,1,2.25,2019
97,Plantae,Bryophyta,Bryopsida,Polytrichales,Polytrichaceae,Polytrichum,Polytrichum_species_b,7076423,24.6,886380,1,52.7,1847
98,Plantae,Bryophyta,Bryopsida,Polytrichales,Polytrichaceae,Polytrichum,Polytrichum_species_c,60459,71.2,964642,2,981.87,1894
99,Plantae,Bryophyta,Bryopsida,Polytrichales,Polytrichaceae,Polytrichum,Polytrichum_species_d,6078404,37.3,595479,2,269.09,2006
100,Fungi,Basidiomycota,Agaricomycetes,Agaricales,Agaricaceae,Agaricus,Agaricus_species_a,1378726,52.8,61180,2,76.9,1968
101,Fungi,Basidiomycota,Agaricomycetes,Agaricales,Agaricaceae,Agaricus,Agaricus_species_b,478192,35.0,308281,5,258.44,2020
102,Fungi,Basidiomycota,Agaricomycetes,Agaricales,Agaricaceae,Agaricus,Agaricus_species_c,6253165,40.5,464346,3,921.47,1824
103,Fungi,Basidiomycota,Agaricomycetes,Agaricales,Agaricaceae,Agaricus,Agaricus_species_d,6591495,89.8,563561,3,301.39,1987
104,Fungi,Ascomycota,Saccharomycetes,Saccharomycetales,Saccharomycetaceae,Saccharomyces,Saccharomyces_species_a,5795789,69.7,389141,2,633.72,2013
105,Fungi,Ascomycota,Saccharomycetes,Saccharomycetales,Saccharomycetaceae,Saccharomyces,Saccharomyces_species_b,392904,72.2,786690,1,403.68,1725
106,Fungi,Ascomycota,Saccharomycetes,Saccharomycetales,Saccharomycetaceae,Saccharomyces,Saccharomyces_species_c,594739,18.0,371550,2,224.93,1715
107,Fungi,Ascomycota,Saccharomycetes,Saccharomycetales,Saccharomycetaceae,Saccharomyces,Saccharomyces_species_d,1980168,36.5,473910,5,928.2,1804
108,Fungi,Zygomycota,Zygomycetes,Mucorales,Mucoraceae,Mucor,Mucor_species_a,1331767,85.7,829559,4,323.23,1795
109,Fungi,Zygomycota,Zygomycetes,Mucorales,Mucoraceae,Mucor,Mucor_species_b,327004,7.2,715869,5,94.7,1721
110,Fungi,Zygomycota,Zygomycetes,Mucorales,Mucoraceae,Mucor,Mucor_species_c,3730881,13.6,331242,5,767.46,1791
111,Fungi,Zygomycota,Zygomycetes,Mucorales,Mucoraceae,Mucor,Mucor_species_d,2341530,7.9,230278,1,246.01,1902
112,Animalia,Chordata,Aves,Passeriformes,Paridae,Parus,Parus_species_987,6106555,10.7,982609,4,921.17,2004
113,Fungi,Basidiomycota,Agaricomycetes,Agaricales,Agaricaceae,Agaricus,Agaricus_species_574,1106332,47.4,51922,3,74.2,1970
114,Animalia,Chordata,Aves,Anseriformes,Anatidae,Anas,Anas_species_575,7420333,92.8,863318,3,567.03,1727
115,Animalia,Chordata,Mammalia,Primates,Cebidae,Cebus,Cebus_species_728,500093,13.2,731432,2,609.52,1856
116,Animalia,Chordata,Aves,Falconiformes,Falconidae,Falco,Falco_species_438,2342898,32.9,775094,1,539.28,1951
117,Plantae,Coniferophyta,Pinopsida,Pinales,Pinaceae,Pinus,Pinus_species_425,2964643,49.3,405876,3,986.12,1713
118,Animalia,Chordata,Mammalia,Primates,Cebidae,Saimiri,Saimiri_species_261,4963358,90.3,552757,4,969.95,1820
119,Animalia,Chordata,Mammalia,Primates,Hominidae,Pan,Pan_species_614,10034360,3.0,964214,2,1127.08,1721
120,Animalia,Chordata,Aves,Passeriformes,Paridae,Parus,Parus_species_476,5410194,12.3,785174,3,771.71,2003
121,Animalia,Chordata,Mammalia,Primates,Hominidae,Pan,Pan_species_549,8028533,2.7,868977,1,1027.23,1720
122,Animalia,Chordata,Mammalia,Rodentia,Muridae,Rattus,Rattus_species_401,5213115,80.4,277934,3,298.02,1862
123,Animalia,Chordata,Mammalia,Rodentia,Muridae,Mus,Mus_species_857,3470720,68.5,79227,4,220.33,1961
124,Animalia,Chordata,Mammalia,Rodentia,Muridae,Mus,Mus_species_942,2642779,4.3,440963,3,48.66,1842
125,Animalia,Chordata,Mammalia,Primates,Hominidae,Pan,Pan_species_465,5408636,104.1,803466,5,822.17,1866
126,Animalia,Chordata,Reptilia,Squamata,Colubridae,Natrix,Natrix_species_865,3890864,7.9,820478,2,128.64,2026
127,Animalia,Chordata,Mammalia,Rodentia,Sciuridae,Tamias,Tamias_species_586,5257090,85.9,1156473,5,197.42,1740
128,Animalia,Chordata,Mammalia,Rodentia,Sciuridae,Sciurus,Sciurus_species_436,4276255,53.2,603092,4,874.75,1764
129,Animalia,Chordata,Mammalia,Rodentia,Sciuridae,Sciurus,Sciurus_species_646,4519166,34.8,48656,2,921.47,1789
130,Plantae,Magnoliophyta,Rosopsida,Rosales,Rosaceae,Malus,Malus_species_694,6539764,20.8,361303,5,149.86,1761
131,Animalia,Chordata,Mammalia,Carnivora,Felidae,Felis,Felis_species_326,4481916,45.0,83988,3,419.87,1999
132,Animalia,Chordata,Mammalia,Carnivora,Felidae,Panthera,Panthera_species_573,799811,42.2,589982,3,409.18,1766
133,Plantae,Magnoliophyta,Rosopsida,Fagales,Fagaceae,Quercus,Quercus_species_928,5188443,99.1,606749,1,654.07,1799
134,Animalia,Chordata,Aves,Passeriformes,Paridae,Parus,Parus_species_181,5771920,9.9,614269,4,819.91,2015
135,Animalia,Chordata,Mammalia,Carnivora,Felidae,Felis,Felis_species_446,4717360,43.1,80571,4,425.41,2010
136,Animalia,Chordata,Mammalia,Rodentia,Sciuridae,Tamias,Tamias_species_814,434229,8.0,298276,5,528.37,1841
137,Animalia,Chordata,Mammalia,Carnivora,Felidae,Panthera,Panthera_species_122,6194283,45.1,726156,3,317.82,1809
138,Animalia,Chordata,Mammalia,Carnivora,Canidae,Vulpes,Vulpes_species_952,3051900,78.1,58617,1,58.63,1756
139,Plantae,Coniferophyta,Pinopsida,Pinales,Pinaceae,Pinus,Pinus_species_809,6824403,85.1,802083,1,228.98,1927
140,Animalia,Chordata,Aves,Passeriformes,Corvidae,Corvus,Corvus_species_539,4978873,86.3,721397,3,1009.94,1953
141,Fungi,Ascomycota,Saccharomycetes,Saccharomycetales,Saccharomycetaceae,Saccharomyces,Saccharomyces_species_650,2204598,43.2,464396,5,898.04,1799
142,Plantae,Magnoliophyta,Liliopsida,Poales,Poaceae,Zea,Zea_species_467,8995644,67.2,427410,3,708.32,1793
143,Fungi,Basidiomycota,Agaricomycetes,Agaricales,Agaricaceae,Agaricus,Agaricus_species_537,7122646,43.5,598528,4,982.79,1826
144,Animalia,Chordata,Reptilia,Testudines,Cheloniidae,Chelonia,Chelonia_species_407,3774891,44.9,986085,5,368.65,1716
145,Animalia,Chordata,Reptilia,Testudines,Cheloniidae,Chelonia,Chelonia_species_104,9869437,37.2,67505,4,954.13,1887
146,Animalia,Chordata,Aves,Anseriformes,Anatidae,Anas,Anas_species_725,2758481,72.2,627204,2,694.96,1784
147,Plantae,Magnoliophyta,Rosopsida,Fagales,Fagaceae,Quercus,Quercus_species_739,5421550,78.4,558181,3,530.38,1782
148,Animalia,Chordata,Mammalia,Primates,Hominidae,Pan,Pan_species_640,1994590,31.1,237918,2,63.29,1772
149,Plantae,Bryophyta,Bryopsida,Polytrichales,Polytrichaceae,Polytrichum,Polytrichum_species_536,5250829,31.7,452622,2,303.84,2009
150,Fungi,Ascomycota,Saccharomycetes,Saccharomycetales,Saccharomycetaceae,Saccharomyces,Saccharomyces_species_293,712943,19.1,410082,1,192.52,1706
151,Animalia,Chordata,Reptilia,Squamata,Colubridae,Natrix,Natrix_species_477,3822630,6.8,1162654,1,120.48,2020
152,Animalia,Chordata,Mammalia,Carnivora,Canidae,Vulpes,Vulpes_species_439,5218972,75.9,570666,4,951.89,1985
153,Animalia,Chordata,Mammalia,Primates,Hominidae,Pan,Pan_species_116,5549558,95.5,795041,5,697.62,1855
154,Animalia,Chordata,Reptilia,Squamata,Colubridae,Natrix,Natrix_species_246,1203129,9.2,1230385,5,954.51,1725
155,Animalia,Chordata,Aves,Anseriformes,Anatidae,Anas,Anas_species_733,7829515,86.4,429970,5,874.2,1999
156,Animalia,Chordata,Mammalia,Primates,Cebidae,Cebus,Cebus_species_983,633162,14.7,845191,2,666.96,1852
157,Animalia,Chordata,Mammalia,Rodentia,Muridae,Rattus,Rattus_species_294,3728450,95.9,886604,1,107.85,1747
158,Animalia,Chordata,Mammalia,Carnivora,Felidae,Felis,Felis_species_462,6306054,39.7,113905,4,408.69,1998
159,Plantae,Magnoliophyta,Liliopsida,Poales,Poaceae,Zea,Zea_species_867,7879729,81.3,382908,5,610.4,1785
160,Plantae,Magnoliophyta,Rosopsida,Rosales,Rosaceae,Malus,Malus_species_161,9174268,78.2,275954,1,46.79,1754
161,Animalia,Chordata,Mammalia,Carnivora,Felidae,Felis,Felis_species_581,3923514,13.9,210437,5,710.95,1943
162,Animalia,Chordata,Mammalia,Rodentia,Sciuridae,Tamias,Tamias_species_433,7100878,80.6,22897,3,177.15,1759
163,Animalia,Chordata,Aves,Falconiformes,Falconidae,Falco,Falco_species_569,8362355,3.4,297029,5,986.21,2002
164,Plantae,Magnoliophyta,Rosopsida,Rosales,Rosaceae,Prunus,Prunus_species_550,10215694,45.9,315858,5,13.78,1795
165,Animalia,Chordata,Mammalia,Rodentia,Muridae,Mus,Mus_species_229,9069687,95.1,607567,5,10.87,1893
166,Animalia,Chordata,Reptilia,Testudines,Cheloniidae,Chelonia,Chelonia_species_838,3599925,43.1,1134909,5,350.49,1717
167,Fungi,Ascomycota,Saccharomycetes,Saccharomycetales,Saccharomycetaceae,Saccharomyces,Saccharomyces_species_398,2031361,40.9,476946,5,889.48,1806
168,Plantae,Bryophyta,Bryopsida,Polytrichales,Polytrichaceae,Polytrichum,Polytrichum_species_911,6852549,43.3,440760,2,308.91,2001
169,Plantae,Magnoliophyta,Rosopsida,Fagales,Fagaceae,Quercus,Quercus_species_721,4295952,72.3,852161,3,509.03,1787
170,Animalia,Chordata,Mammalia,Carnivora,Canidae,Canis,Canis_species_306,312898,13.3,190736,2,854.22,1796
171,Animalia,Chordata,Mammalia,Carnivora,Canidae,Canis,Canis_species_397,92479,81.1,647668,3,1082.81,1762
172,Animalia,Chordata,Mammalia,Primates,Hominidae,Pan,Pan_species_835,8993165,2.8,646130,2,941.29,1726
173,Animalia,Chordata,Aves,Passeriformes,Paridae,Parus,Parus_species_384,3703940,10.3,273658,4,887.03,1728
174,Plantae,Magnoliophyta,Rosopsida,Rosales,Moraceae,Ficus,Ficus_species_674,10991623,72.3,338241,4,328.58,1835
175,Plantae,Magnoliophyta,Rosopsida,Fagales,Fagaceae,Quercus,Quercus_species_592,3583299,20.3,1029113,4,741.33,1925
176,Animalia,Chordata,Mammalia,Rodentia,Sciuridae,Sciurus,Sciurus_species_920,6411801,28.8,710744,5,686.68,1766
177,Animalia,Chordata,Mammalia,Primates,Hominidae,Pan,Pan_species_689,1883775,40.0,240571,3,70.57,1788
178,Animalia,Chordata,Mammalia,Rodentia,Muridae,Rattus,Rattus_species_795,4176910,91.4,890035,1,96.52,1737
179,Animalia,Chordata,Aves,Passeriformes,Paridae,Parus,Parus_species_213,4419705,36.1,447693,1,26.44,1787
180,Plantae,Magnoliophyta,Rosopsida,Rosales,Rosaceae,Prunus,Prunus_species_337,9490602,44.9,264871,5,15.0,1813
181,Animalia,Chordata,Reptilia,Testudines,Cheloniidae,Chelonia,Chelonia_species_400,1766840,28.3,309397,5,0.26,1922
182,Animalia,Chordata,Mammalia,Rodentia,Muridae,Rattus,Rattus_species_628,4038124,55.1,966758,4,906.45,1733
183,Plantae,Magnoliophyta,Rosopsida,Rosales,Rosaceae,Malus,Malus_species_614,5788725,20.0,448868,4,150.39,1758
184,Animalia,Chordata,Mammalia,Carnivora,Felidae,Felis,Felis_species_143,3290859,30.7,83226,1,542.17,1996
185,Animalia,Chordata,Reptilia,Squamata,Colubridae,Natrix,Natrix_species_893,2884806,5.9,932648,1,128.72,2019
186,Animalia,Chordata,Aves,Falconiformes,Falconidae,Falco,Falco_species_472,2832224,103.5,75482,1,572.92,1799
187,Animalia,Chordata,Mammalia,Carnivora,Felidae,Panthera,Panthera_species_559,7265441,56.3,480529,2,323.22,1826
188,Animalia,Chordata,Aves,Falconiformes,Falconidae,Falco,Falco_species_997,2084610,97.9,73215,2,556.75,1797
189,Fungi,Zygomycota,Zygomycetes,Mucorales,Mucoraceae,Mucor,Mucor_species_858,2570498,7.9,220408,1,262.6,1899
190,Fungi,Zygomycota,Zygomycetes,Mucorales,Mucoraceae,Mucor,Mucor_species_569,1953540,7.0,227833,2,226.88,1907
191,Animalia,Chordata,Mammalia,Primates,Hominidae,Pan,Pan_species_226,5220495,100.8,1016535,5,706.67,1865
192,Animalia,Chordata,Mammalia,Carnivora,Felidae,Panthera,Panthera_species_536,9216622,22.3,571988,1,788.67,1951
193,Animalia,Chordata,Aves,Falconiformes,Falconidae,Falco,Falco_species_142,7466322,3.2,171736,4,882.47,2020
194,Animalia,Chordata,Aves,Anseriformes,Anatidae,Anas,Anas_species_796,6982323,78.2,659170,3,710.43,1719
195,Fungi,Basidiomycota,Agaricomycetes,Agaricales,Agaricaceae,Agaricus,Agaricus_species_520,5706552,46.4,353680,3,1009.77,1819
196,Animalia,Chordata,Mammalia,Rodentia,Muridae,Mus,Mus_species_731,3028895,69.5,61805,4,199.25,1952
197,Animalia,Chordata,Aves,Passeriformes,Corvidae,Corvus,Corvus_species_147,5084742,43.2,189038,3,108.27,2003
198,Animalia,Chordata,Aves,Anseriformes,Anatidae,Anas,Anas_species_302,1679437,65.9,102379,4,526.55,1714
199,Animalia,Chordata,Aves,Passeriformes,Paridae,Parus,Parus_species_729,3512229,9.3,271121,5,884.97,1726
200,Animalia,Chordata,Mammalia,Rodentia,Sciuridae,Sciurus,Sciurus_species_438,6106240,30.4,561348,4,860.64,1765
201,Animalia,Chordata,Mammalia,Rodentia,Muridae,Rattus,Rattus_species_749,2984237,27.5,333090,3,537.68,1716
202,Animalia,Chordata,Aves,Passeriformes,Paridae,Parus,Parus_species_554,6986014,63.2,544007,5,130.44,1901
203,Animalia,Chordata,Mammalia,Rodentia,Muridae,Rattus,Rattus_species_436,5458338,97.8,354196,3,312.93,1861
204,Animalia,Chordata,Reptilia,Testudines,Cheloniidae,Chelonia,Chelonia_species_798,10071355,34.9,232441,4,23.02,1806
205,Plantae,Magnoliophyta,Rosopsida,Fagales,Fagaceae,Quercus,Quercus_species_647,10567786,31.1,1146293,4,710.96,2004
206,Plantae,Magnoliophyta,Liliopsida,Poales,Poaceae,Zea,Zea_species_315,2052893,23.8,357251,3,588.85,1851
207,Animalia,Chordata,Mammalia,Carnivora,Felidae,Felis,Felis_species_459,3179934,28.9,60665,1,719.03,1982
208,Animalia,Chordata,Reptilia,Squamata,Colubridae,Natrix,Natrix_species_186,2200725,40.4,730576,5,619.39,1853
209,Animalia,Chordata,Reptilia,Squamata,Colubridae,Natrix,Natrix_species_178,2578516,53.7,1002703,4,556.36,1852
210,Animalia,Chordata,Mammalia,Primates,Hominidae,Homo,Homo_species_308,8364159,57.8,430613,2,322.89,1871
211,Animalia,Chordata,Mammalia,Primates,Hominidae,Pan,Pan_species_528,6935788,31.5,621717,4,327.35,2009
212,Animalia,Chordata,Mammalia,Primates,Cebidae,Saimiri,Saimiri_species_600,5812555,41.6,513803,5,968.11,1997
213,Animalia,Chordata,Aves,Passeriformes,Corvidae,Corvus,Corvus_species_615,4761933,38.2,211447,3,111.2,2010
214,Animalia,Chordata,Aves,Passeriformes,Paridae,Parus,Parus_species_714,6823222,66.3,660570,5,147.31,1907
215,Animalia,Chordata,Mammalia,Primates,Cebidae,Saimiri,Saimiri_species_314,4328952,44.6,625349,4,914.18,1998
216,Animalia,Chordata,Mammalia,Rodentia,Muridae,Mus,Mus_species_289,386663,94.9,944718,1,1054.1,2014
217,Animalia,Chordata,Aves,Falconiformes,Falconidae,Falco,Falco_species_799,2013585,78.7,48633,1,577.79,1803
218,Animalia,Chordata,Aves,Anseriformes,Anatidae,Anas,Anas_species_923,1992489,76.0,107789,5,664.58,1710
219,Animalia,Chordata,Mammalia,Carnivora,Canidae,Vulpes,Vulpes_species_832,3870905,9.6,621360,1,50.52,1979
220,Fungi,Ascomycota,Saccharomycetes,Saccharomycetales,Saccharomycetaceae,Saccharomyces,Saccharomyces_species_400,404359,67.6,867294,1,351.49,1725
221,Animalia,Chordata,Aves,Anseriformes,Anatidae,Anas,Anas_species_301,1448177,74.7,133587,5,524.86,1717
222,Animalia,Chordata,Mammalia,Carnivora,Canidae,Vulpes,Vulpes_species_530,3310778,13.7,476425,1,45.66,1980
223,Animalia,Chordata,Reptilia,Testudines,Cheloniidae,Chelonia,Chelonia_species_943,7764497,40.3,230149,5,22.14,1801
224,Animalia,Chordata,Reptilia,Squamata,Colubridae,Natrix,Natrix_species_853,1187552,9.4,1165280,4,1029.4,1730
225,Animalia,Chordata,Mammalia,Rodentia,Muridae,Rattus,Rattus_species_701,3115105,100.9,1093685,1,97.45,1737
226,Plantae,Magnoliophyta,Rosopsida,Rosales,Rosaceae,Malus,Malus_species_763,6145686,9.7,969912,2,795.09,1816
227,Animalia,Chordata,Mammalia,Primates,Cebidae,Cebus,Cebus_species_686,8172715,95.8,1006114,2,500.93,1752
228,Fungi,Basidiomycota,Agaricomycetes,Agaricales,Agaricaceae,Agaricus,Agaricus_species_644,403353,30.7,225375,5,285.58,2018
229,Plantae,Magnoliophyta,Rosopsida,Rosales,Rosaceae,Malus,Malus_species_984,7666776,11.7,802140,1,729.86,1832
230,Animalia,Chordata,Aves,Falconiformes,Falconidae,Falco,Falco_species_163,7906492,3.0,166776,5,1047.62,2018
231,Plantae,Magnoliophyta,Rosopsida,Rosales,Moraceae,Ficus,Ficus_species_657,8106799,63.2,277720,5,370.8,1835
232,Plantae,Coniferophyta,Pinopsida,Pinales,Pinaceae,Pinus,Pinus_species_352,3413472,42.0,272952,4,832.54,1712
233,Animalia,Chordata,Mammalia,Primates,Cebidae,Saimiri,Saimiri_species_194,5592627,44.7,412107,5,797.17,2003
234,Plantae,Magnoliophyta,Rosopsida,Rosales,Rosaceae,Prunus,Prunus_species_787,4858642,54.8,198080,2,173.71,1865
235,Animalia,Chordata,Mammalia,Carnivora,Canidae,Canis,Canis_species_370,247739,16.7,176688,1,999.57,1791
236,Animalia,Chordata,Mammalia,Rodentia,Sciuridae,Tamias,Tamias_species_927,8876582,108.1,15854,2,208.77,1773
237,Animalia,Chordata,Aves,Anseriformes,Anatidae,Anas,Anas_species_869,8447507,82.5,323990,5,1025.62,2001
238,Plantae,Magnoliophyta,Rosopsida,Rosales,Rosaceae,Prunus,Prunus_species_272,4857862,52.1,111859,1,185.64,1868
239,Plantae,Magnoliophyta,Liliopsida,Poales,Poaceae,Zea,Zea_species_428,571011,54.7,70032,4,614.57,1872
240,Fungi,Ascomycota,Saccharomycetes,Saccharomycetales,Saccharomycetaceae,Saccharomyces,Saccharomyces_species_707,343660,63.1,916933,1,440.91,1720
241,Animalia,Chordata,Mammalia,Primates,Hominidae,Homo,Homo_species_694,6218423,6.6,469195,4,145.85,1786
242,Animalia,Chordata,Reptilia,Testudines,Cheloniidae,Chelonia,Chelonia_species_569,3204172,35.8,672880,5,397.05,1726
243,Plantae,Magnoliophyta,Liliopsida,Poales,Poaceae,Zea,Zea_species_483,2091284,28.9,273850,1,623.39,1863
244,Animalia,Chordata,Mammalia,Primates,Cebidae,Cebus,Cebus_species_251,7941695,97.8,1076321,1,507.95,1761
245,Animalia,Chordata,Reptilia,Testudines,Cheloniidae,Chelonia,Chelonia_species_812,8572915,32.9,66818,3,944.14,1887
246,Animalia,Chordata,Mammalia,Rodentia,Sciuridae,Sciurus,Sciurus_species_107,3697029,46.0,666769,5,839.69,1780
247,Animalia,Chordata,Mammalia,Rodentia,Muridae,Rattus,Rattus_species_181,4196096,54.4,673781,5,1011.14,1743
248,Animalia,Chordata,Mammalia,Primates,Cebidae,Cebus,Cebus_species_191,5329208,94.2,731821,2,881.76,2006
249,Animalia,Chordata,Mammalia,Primates,Hominidae,Pan,Pan_species_261,6251568,33.2,429739,4,314.82,2005
250,Animalia,Chordata,Mammalia,Rodentia,Sciuridae,Sciurus,Sciurus_species_380,3692641,40.6,61694,2,872.11,1792
251,Plantae,Coniferophyta,Pinopsida,Pinales,Pinaceae,Pinus,Pinus_species_701,2761951,1.6,149773,2,389.91,1768
252,Animalia,Chordata,Aves,Falconiformes,Falconidae,Falco,Falco_species_664,7078163,40.5,637720,5,486.7,1963
253,Animalia,Chordata,Mammalia,Rodentia,Sciuridae,Tamias,Tamias_species_719,5412839,76.6,1044722,5,182.52,1743
254,Animalia,Chordata,Mammalia,Carnivora,Felidae,Panthera,Panthera_species_119,623941,32.9,588897,4,454.55,1773
255,Animalia,Chordata,Reptilia,Squamata,Colubridae,Natrix,Natrix_species_100,6485518,91.2,659053,5,610.77,1791
256,Animalia,Chordata,Mammalia,Primates,Cebidae,Saimiri,Saimiri_species_144,9267534,1.9,271894,2,360.53,1912
257,Fungi,Zygomycota,Zygomycetes,Mucorales,Mucoraceae,Mucor,Mucor_species_322,3791663,15.8,304619,5,765.95,1790
258,Animalia,Chordata,Mammalia,Primates,Hominidae,Homo,Homo_species_335,3889216,21.6,711341,1,954.25,1868
259,Animalia,Chordata,Mammalia,Carnivora,Canidae,Canis,Canis_species_315,5343609,70.4,398212,2,233.59,1841
260,Plantae,Bryophyta,Bryopsida,Polytrichales,Polytrichaceae,Polytrichum,Polytrichum_species_146,1495994,52.8,821464,2,2.49,2012
261,Plantae,Coniferophyta,Pinopsida,Pinales,Pinaceae,Pinus,Pinus_species_379,8847700,79.4,524504,1,276.71,1937
262,Animalia,Chordata,Mammalia,Carnivora,Canidae,Canis,Canis_species_439,690376,20.9,814463,4,8.28,1713
263,Plantae,Bryophyta,Bryopsida,Polytrichales,Polytrichaceae,Polytrichum,Polytrichum_species_645,6005767,42.6,522890,1,242.88,2015
264,Animalia,Chordata,Reptilia,Squamata,Colubridae,Natrix,Natrix_species_162,890034,8.5,1217252,4,980.16,1737
265,Animalia,Chordata,Mammalia,Carnivora,Canidae,Canis,Canis_species_308,116894,98.9,687349,4,993.09,1779
266,Animalia,Chordata,Aves,Passeriformes,Corvidae,Corvus,Corvus_species_496,4773377,84.2,724035,2,1000.42,1960
267,Animalia,Chordata,Mammalia,Rodentia,Muridae,Rattus,Rattus_species_594,4045748,106.6,1283511,2,100.54,1745
268,Animalia,Chordata,Reptilia,Squamata,Colubridae,Natrix,Natrix_species_643,7047362,89.3,465998,3,610.02,1799
269,Animalia,Chordata,Mammalia,Carnivora,Canidae,Vulpes,Vulpes_species_837,3700983,68.9,477749,2,838.4,1997
270,Fungi,Zygomycota,Zygomycetes,Mucorales,Mucoraceae,Mucor,Mucor_species_890,1130935,87.4,981937,5,350.55,1792
271,Animalia,Chordata,Mammalia,Primates,Hominidae,Homo,Homo_species_978,938438,4.8,767572,5,706.57,1787
272,Plantae,Magnoliophyta,Rosopsida,Rosales,Moraceae,Ficus,Ficus_species_934,2188163,34.6,852004,1,826.65,1888
273,Fungi,Ascomycota,Saccharomycetes,Saccharomycetales,Saccharomycetaceae,Saccharomyces,Saccharomyces_species_803,342012,77.1,578744,1,374.28,1721
274,Plantae,Bryophyta,Bryopsida,Polytrichales,Polytrichaceae,Polytrichum,Polytrichum_species_783,55131,74.7,679519,1,868.52,1898
275,Animalia,Chordata,Mammalia,Rodentia,Sciuridae,Tamias,Tamias_species_581,5284719,75.0,1192295,5,204.43,1732
276,Fungi,Zygomycota,Zygomycetes,Mucorales,Mucoraceae,Mucor,Mucor_species_820,2412385,8.4,235412,1,236.48,1900
277,Animalia,Chordata,Aves,Falconiformes,Falconidae,Falco,Falco_species_883,8293914,3.2,183103,4,983.39,2017
278,Animalia,Chordata,Reptilia,Squamata,Colubridae,Natrix,Natrix_species_547,5639370,67.4,526462,4,522.62,1798
279,Plantae,Magnoliophyta,Rosopsida,Rosales,Moraceae,Ficus,Ficus_species_624,1220125,109.4,512568,4,725.31,1707
280,Animalia,Chordata,Mammalia,Primates,Cebidae,Saimiri,Saimiri_species_389,5718516,45.2,352363,5,993.32,1996
281,Animalia,Chordata,Mammalia,Carnivora,Canidae,Canis,Canis_species_907,683093,15.2,526588,4,10.33,1700
282,Animalia,Chordata,Mammalia,Primates,Hominidae,Homo,Homo_species_566,4340004,7.9,694136,4,149.77,1795
283,Animalia,Chordata,Mammalia,Carnivora,Canidae,Canis,Canis_species_779,597196,20.1,521514,4,8.17,1697
284,Animalia,Chordata,Mammalia,Carnivora,Felidae,Felis,Felis_species_824,6497886,33.3,93893,5,355.87,1999
285,Plantae,Bryophyta,Bryopsida,Polytrichales,Polytrichaceae,Polytrichum,Polytrichum_species_726,49290,84.7,1034060,3,864.46,1896
286,Animalia,Chordata,Mammalia,Carnivora,Canidae,Vulpes,Vulpes_species_435,2955850,77.3,70135,2,57.2,1760
287,Animalia,Chordata,Mammalia,Rodentia,Sciuridae,Sciurus,Sciurus_species_752,3875991,32.3,86050,1,977.48,1787
288,Animalia,Chordata,Mammalia,Carnivora,Canidae,Canis,Canis_species_365,235011,14.3,167583,1,946.32,1786
289,Animalia,Chordata,Mammalia,Carnivora,Felidae,Felis,Felis_species_284,3378888,28.1,66151,2,677.32,1988
290,Fungi,Ascomycota,Saccharomycetes,Saccharomycetales,Saccharomycetaceae,Saccharomyces,Saccharomyces_species_731,1620180,39.6,607308,5,815.45,1799
291,Animalia,Chordata,Aves,Anseriformes,Anatidae,Anas,Anas_species_158,7860895,109.8,240310,5,871.39,2006
292,Plantae,Magnoliophyta,Rosopsida,Fagales,Fagaceae,Quercus,Quercus_species_471,1243518,43.1,370110,4,267.36,1764
293,Plantae,Magnoliophyta,Liliopsida,Poales,Poaceae,Zea,Zea_species_589,2100359,26.9,264726,2,629.42,1849
294,Animalia,Chordata,Mammalia,Rodentia,Sciuridae,Tamias,Tamias_species_599,348409,9.8,494379,4,548.67,1839
295,Plantae,Magnoliophyta,Liliopsida,Poales,Poaceae,Zea,Zea_species_479,484131,56.4,50262,3,667.65,1879
296,Plantae,Magnoliophyta,Rosopsida,Rosales,Moraceae,Ficus,Ficus_species_172,1280481,100.8,587342,5,770.65,1721
297,Plantae,Magnoliophyta,Rosopsida,Rosales,Rosaceae,Prunus,Prunus_species_830,9439891,37.7,429456,5,11.6,1799
298,Animalia,Chordata,Mammalia,Carnivora,Canidae,Canis,Canis_species_324,4685991,60.0,306634,1,262.55,1835
299,Plantae,Magnoliophyta,Rosopsida,Fagales,Fagaceae,Quercus,Quercus_species_290,9606807,32.5,1185471,4,738.34,2005
300,Animalia,Chordata,Aves,Passeriformes,Paridae,Parus,Parus_species_150,4220440,8.1,380075,5,847.87,1723
301,Plantae,Magnoliophyta,Liliopsida,Poales,Poaceae,Zea,Zea_species_872,7601020,97.1,783306,5,128.74,1953
302,Fungi,Zygomycota,Zygomycetes,Mucorales,Mucoraceae,Mucor,Mucor_species_668,310338,7.3,561602,5,98.63,1721
303,Plantae,Magnoliophyta,Rosopsida,Rosales,Moraceae,Ficus,Ficus_species_673,2533520,2.8,271941,1,428.97,1694
304,Animalia,Chordata,Mammalia,Rodentia,Sciuridae,Tamias,Tamias_species_844,8101156,104.6,16173,1,203.32,1768
305,Animalia,Chordata,Mammalia,Rodentia,Muridae,Mus,Mus_species_410,7594840,84.8,919940,5,10.3,1877
306,Animalia,Chordata,Mammalia,Carnivora,Felidae,Felis,Felis_species_463,4046572,15.1,178597,5,765.2,1948
307,Animalia,Chordata,Aves,Falconiformes,Falconidae,Falco,Falco_species_813,8290195,2.8,296493,4,869.22,2015
308,Fungi,Zygomycota,Zygomycetes,Mucorales,Mucoraceae,Mucor,Mucor_species_220,2799560,7.5,222872,1,275.33,1894
309,Animalia,Chordata,Mammalia,Carnivora,Felidae,Panthera,Panthera_species_517,7022511,55.5,564087,1,300.08,1809
310,Plantae,Magnoliophyta,Rosopsida,Fagales,Fagaceae,Quercus,Quercus_species_878,3600671,23.3,642372,4,897.98,1927
311,Plantae,Bryophyta,Bryopsida,Polytrichales,Polytrichaceae,Polytrichum,Polytrichum_species_101,69540,57.5,741457,3,1070.02,1885
312,Animalia,Chordata,Aves,Anseriformes,Anatidae,Anas,Anas_species_975,7796351,94.8,330955,4,1009.51,1987
313,Animalia,Chordata,Mammalia,Rodentia,Muridae,Mus,Mus_species_738,1964208,3.5,357182,1,50.16,1836
314,Animalia,Chordata,Mammalia,Carnivora,Felidae,Panthera,Panthera_species_695,676388,37.2,691774,4,429.4,1778
315,Animalia,Chordata,Aves,Passeriformes,Corvidae,Corvus,Corvus_species_132,1895787,32.1,225178,3,602.15,1751
316,Animalia,Chordata,Aves,Passeriformes,Corvidae,Corvus,Corvus_species_727,4817887,36.9,211324,2,84.98,2011
317,Animalia,Chordata,Aves,Passeriformes,Paridae,Parus,Parus_species_176,4368272,30.6,648829,2,20.75,1786
318,Plantae,Magnoliophyta,Liliopsida,Poales,Poaceae,Zea,Zea_species_707,421985,53.2,70580,3,766.11,1881
319,Animalia,Chordata,Aves,Anseriformes,Anatidae,Anas,Anas_species_974,9768591,87.9,643353,1,649.08,1721
320,Plantae,Magnoliophyta,Liliopsida,Poales,Poaceae,Zea,Zea_species_669,1751445,31.5,202933,1,623.35,1856
321,Animalia,Chordata,Mammalia,Rodentia,Muridae,Rattus,Rattus_species_838,2913415,23.8,412757,3,535.08,1713
322,Animalia,Chordata,Reptilia,Testudines,Cheloniidae,Chelonia,Chelonia_species_751,10548410,40.9,65885,4,755.12,1888
323,Animalia,Chordata,Reptilia,Squamata,Colubridae,Natrix,Natrix_species_139,3084589,5.6,677683,1,112.58,2013
324,Fungi,Zygomycota,Zygomycetes,Mucorales,Mucoraceae,Mucor,Mucor_species_427,354851,6.7,522680,4,85.94,1711
325,Animalia,Chordata,Mammalia,Rodentia,Muridae,Mus,Mus_species_376,2868808,70.4,48367,3,226.79,1958
326,Animalia,Chordata,Mammalia,Rodentia,Muridae,Mus,Mus_species_701,1915843,4.6,328477,1,50.1,1824
327,Plantae,Coniferophyta,Pinopsida,Pinales,Pinaceae,Pinus,Pinus_species_815,2467945,1.5,116723,2,437.76,1765
328,Animalia,Chordata,Mammalia,Carnivora,Canidae,Vulpes,Vulpes_species_681,3992744,12.8,600795,1,56.35,1982
329,Animalia,Chordata,Mammalia,Primates,Hominidae,Pan,Pan_species_998,1946280,43.4,221226,4,61.98,1779
330,Animalia,Chordata,Aves,Passeriformes,Corvidae,Corvus,Corvus_species_610,4170639,64.1,846056,4,1067.66,1951
331,Plantae,Magnoliophyta,Rosopsida,Rosales,Rosaceae,Malus,Malus_species_868,6756253,21.2,342281,4,164.47,1767
332,Plantae,Coniferophyta,Pinopsida,Pinales,Pinaceae,Pinus,Pinus_species_531,3271520,56.7,335549,4,980.57,1718
333,Fungi,Ascomycota,Saccharomycetes,Saccharomycetales,Saccharomycetaceae,Saccharomyces,Saccharomyces_species_328,659690,20.7,439977,3,239.84,1717
334,Plantae,Coniferophyta,Pinopsida,Pinales,Pinaceae,Pinus,Pinus_species_956,9150730,9.2,360634,1,701.26,1721
335,Plantae,Bryophyta,Bryopsida,Polytrichales,Polytrichaceae,Polytrichum,Polytrichum_species_657,8230228,24.3,962634,1,55.7,1855
336,Plantae,Magnoliophyta,Rosopsida,Rosales,Rosaceae,Malus,Malus_species_364,5857019,18.8,371535,5,171.74,1762
337,Animalia,Chordata,Mammalia,Primates,Cebidae,Saimiri,Saimiri_species_141,1071932,13.5,214007,2,664.4,1836
338,Animalia,Chordata,Mammalia,Primates,Hominidae,Homo,Homo_species_217,850163,4.8,578596,4,716.19,1786
339,Plantae,Magnoliophyta,Rosopsida,Rosales,Rosaceae,Prunus,Prunus_species_210,4747811,13.4,706894,4,220.29,1824
340,Fungi,Basidiomycota,Agaricomycetes,Agaricales,Agaricaceae,Agaricus,Agaricus_species_679,7156176,45.8,357984,2,1036.08,1827
341,Animalia,Chordata,Mammalia,Primates,Cebidae,Cebus,Cebus_species_671,8093568,87.7,1041812,1,499.04,1765
342,Plantae,Magnoliophyta,Rosopsida,Rosales,Moraceae,Ficus,Ficus_species_868,1336775,104.7,575230,5,698.96,1723
343,Animalia,Chordata,Mammalia,Carnivora,Canidae,Canis,Canis_species_930,679200,16.1,513381,4,9.44,1701
344,Fungi,Basidiomycota,Agaricomycetes,Agaricales,Agaricaceae,Agaricus,Agaricus_species_794,5174610,36.2,426144,2,792.48,1819
345,Animalia,Chordata,Mammalia,Rodentia,Sciuridae,Sciurus,Sciurus_species_584,3739282,31.5,52076,2,879.04,1796
346,Fungi,Basidiomycota,Agaricomycetes,Agaricales,Agaricaceae,Agaricus,Agaricus_species_381,6990625,39.8,399427,3,851.82,1818
347,Animalia,Chordata,Aves,Anseriformes,Anatidae,Anas,Anas_species_795,2763923,70.5,786322,2,886.03,1787
348,Animalia,Chordata,Mammalia,Carnivora,Felidae,Panthera,Panthera_species_128,562796,45.1,653646,4,458.1,1771
349,Animalia,Chordata,Mammalia,Carnivora,Felidae,Felis,Felis_species_416,5547415,91.3,723659,5,698.47,1827
350,Animalia,Chordata,Mammalia,Primates,Hominidae,Homo,Homo_species_521,5725088,6.3,741600,2,115.96,1792
351,Animalia,Chordata,Mammalia,Primates,Hominidae,Homo,Homo_species_290,6345846,7.8,827139,2,139.8,1780
352,Fungi,Zygomycota,Zygomycetes,Mucorales,Mucoraceae,Mucor,Mucor_species_821,1477574,101.4,917798,5,363.38,1787
353,Plantae,Magnoliophyta,Rosopsida,Rosales,Rosaceae,Malus,Malus_species_783,7747034,89.9,329282,1,40.6,1750
354,Animalia,Chordata,Mammalia,Carnivora,Canidae,Vulpes,Vulpes_species_947,5015933,92.2,622724,4,731.58,1994
355,Animalia,Chordata,Mammalia,Primates,Cebidae,Saimiri,Saimiri_species_189,4952224,35.8,587135,5,927.94,2005
356,Animalia,Chordata,Aves,Falconiformes,Falconidae,Falco,Falco_species_284,5311958,41.9,691356,4,523.05,1963
357,Fungi,Basidiomycota,Agaricomycetes,Agaricales,Agaricaceae,Agaricus,Agaricus_species_866,1276940,52.1,68495,1,86.63,1958
358,Fungi,Basidiomycota,Agaricomycetes,Agaricales,Agaricaceae,Agaricus,Agaricus_species_377,1129065,45.4,49779,3,71.44,1968
359,Animalia,Chordata,Mammalia,Primates,Hominidae,Pan,Pan_species_845,5009446,41.5,544370,3,293.32,2003
360,Plantae,Bryophyta,Bryopsida,Polytrichales,Polytrichaceae,Polytrichum,Polytrichum_species_500,1776819,55.2,914140,1,2.11,2020
361,Animalia,Chordata,Mammalia,Primates,Cebidae,Cebus,Cebus_species_482,1127260,59.0,385412,5,69.02,1900
362,Animalia,Chordata,Mammalia,Primates,Hominidae,Homo,Homo_species_306,7804749,56.7,570475,1,292.33,1887
363,Animalia,Chordata,Mammalia,Rodentia,Muridae,Rattus,Rattus_species_343,2999011,23.7,315322,3,593.48,1707
364,Animalia,Chordata,Aves,Falconiformes,Falconidae,Falco,Falco_species_140,2111662,28.8,1032860,2,484.68,1958
365,Plantae,Coniferophyta,Pinopsida,Pinales,Pinaceae,Pinus,Pinus_species_771,2257776,1.6,131876,4,421.4,1772
366,Animalia,Chordata,Mammalia,Primates,Cebidae,Cebus,Cebus_species_513,8192431,91.6,1131101,1,518.62,1768
367,Animalia,Chordata,Reptilia,Squamata,Colubridae,Natrix,Natrix_species_546,5509929,74.4,497628,5,701.25,1793
368,Animalia,Chordata,Reptilia,Testudines,Cheloniidae,Chelonia,Chelonia_species_166,9056188,39.8,198637,5,19.16,1799
369,Plantae,Magnoliophyta,Rosopsida,Fagales,Fagaceae,Quercus,Quercus_species_912,11373180,31.7,1258645,3,747.57,2007
370,Animalia,Chordata,Reptilia,Testudines,Cheloniidae,Chelonia,Chelonia_species_218,3249972,39.5,765752,5,314.3,1716
371,Animalia,Chordata,Aves,Passeriformes,Corvidae,Corvus,Corvus_species_198,2016701,32.4,258032,4,556.32,1752
372,Fungi,Ascomycota,Saccharomycetes,Saccharomycetales,Saccharomycetaceae,Saccharomyces,Saccharomyces_species_139,386270,81.6,696102,1,404.08,1718
373,Animalia,Chordata,Mammalia,Carnivora,Felidae,Felis,Felis_species_514,4230189,12.9,237928,4,679.99,1941
374,Plantae,Coniferophyta,Pinopsida,Pinales,Pinaceae,Pinus,Pinus_species_940,2233922,1.3,180012,2,372.53,1764
375,Animalia,Chordata,Mammalia,Rodentia,Sciuridae,Tamias,Tamias_species_997,7191227,90.6,18652,1,162.72,1758
376,Animalia,Chordata,Aves,Passeriformes,Corvidae,Corvus,Corvus_species_432,4250857,34.1,230913,3,101.3,2015
377,Animalia,Chordata,Aves,Anseriformes,Anatidae,Anas,Anas_species_381,9044304,110.9,377284,4,851.23,1999
378,Animalia,Chordata,Mammalia,Rodentia,Muridae,Mus,Mus_species_729,2255263,3.9,480915,3,48.01,1843
379,Plantae,Magnoliophyta,Rosopsida,Fagales,Fagaceae,Quercus,Quercus_species_692,9203221,38.2,1235123,3,697.32,2002
380,Animalia,Chordata,Mammalia,Rodentia,Muridae,Mus,Mus_species_751,9847312,88.7,673975,5,9.5,1880
381,Animalia,Chordata,Mammalia,Rodentia,Muridae,Rattus,Rattus_species_354,3620505,80.4,1034546,2,103.99,1731
382,Animalia,Chordata,Mammalia,Rodentia,Sciuridae,Tamias,Tamias_species_545,309837,7.4,365336,4,473.83,1836
383,Fungi,Basidiomycota,Agaricomycetes,Agaricales,Agaricaceae,Agaricus,Agaricus_species_301,6682064,91.2,490832,4,299.61,1980
384,Plantae,Magnoliophyta,Rosopsida,Fagales,Fagaceae,Quercus,Quercus_species_188,10768548,39.0,1137978,3,767.77,2009
385,Animalia,Chordata,Mammalia,Primates,Cebidae,Cebus,Cebus_species_576,7185327,87.4,931613,1,450.83,1756
386,Animalia,Chordata,Mammalia,Carnivora,Canidae,Vulpes,Vulpes_species_131,3192665,104.8,82222,2,68.66,1760
387,Plantae,Magnoliophyta,Rosopsida,Rosales,Rosaceae,Prunus,Prunus_species_854,4779751,14.6,774182,3,253.86,1812
388,Animalia,Chordata,Aves,Passeriformes,Paridae,Parus,Parus_species_915,5667969,10.2,562604,4,933.35,2009
389,Animalia,Chordata,Aves,Passeriformes,Corvidae,Corvus,Corvus_species_569,1245015,36.0,684895,4,990.0,1778
390,Fungi,Ascomycota,Saccharomycetes,Saccharomycetales,Saccharomycetaceae,Saccharomyces,Saccharomyces_species_130,2190352,36.6,480244,4,892.29,1805
391,Animalia,Chordata,Mammalia,Carnivora,Canidae,Vulpes,Vulpes_species_427,7956478,18.6,163853,1,168.97,1773
392,Plantae,Magnoliophyta,Rosopsida,Rosales,Moraceae,Ficus,Ficus_species_332,1640627,103.5,455102,5,763.7,1715
393,Fungi,Basidiomycota,Agaricomycetes,Agaricales,Agaricaceae,Agaricus,Agaricus_species_799,6700747,36.3,379794,4,947.51,1817
394,Animalia,Chordata,Aves,Anseriformes,Anatidae,Anas,Anas_species_276,8363913,64.7,574419,2,689.63,1715
395,Plantae,Magnoliophyta,Rosopsida,Rosales,Rosaceae,Malus,Malus_species_281,7818877,11.8,826271,1,830.53,1815
396,Fungi,Basidiomycota,Agaricomycetes,Agaricales,Agaricaceae,Agaricus,Agaricus_species_212,1467156,61.9,74187,2,79.35,1960
397,Plantae,Magnoliophyta,Rosopsida,Rosales,Moraceae,Ficus,Ficus_species_314,1243307,116.8,364148,4,775.77,1718
398,Animalia,Chordata,Mammalia,Carnivora,Felidae,Felis,Felis_species_690,3886942,33.2,65423,2,649.81,1990
399,Animalia,Chordata,Aves,Passeriformes,Corvidae,Corvus,Corvus_species_813,1336757,37.8,449635,3,744.51,1776
400,Animalia,Chordata,Aves,Falconiformes,Falconidae,Falco,Falco_species_578,6224607,33.7,546304,4,574.79,1953
401,Animalia,Chordata,Mammalia,Primates,Hominidae,Pan,Pan_species_176,9997230,3.0,800338,1,864.44,1714
402,Animalia,Chordata,Aves,Passeriformes,Corvidae,Corvus,Corvus_species_568,4704921,79.8,867200,2,933.18,1951
403,Plantae,Magnoliophyta,Rosopsida,Fagales,Fagaceae,Quercus,Quercus_species_352,3454583,24.6,985130,5,751.12,1923
404,Plantae,Magnoliophyta,Rosopsida,Rosales,Rosaceae,Malus,Malus_species_403,7532826,68.2,395212,2,41.4,1751
405,Animalia,Chordata,Reptilia,Squamata,Colubridae,Natrix,Natrix_species_430,6307243,87.8,618899,4,597.6,1799
407,Animalia,Chordata,Aves,Passeriformes,Corvidae,Corvus,Corvus_species_618,1051957,33.7,485026,2,810.39,1792
408,Animalia,Chordata,Mammalia,Primates,Hominidae,Homo,Homo_species_436,5045374,6.6,718128,3,133.25,1784
409,Animalia,Chordata,Mammalia,Carnivora,Canidae,Canis,Canis_species_264,89872,83.9,500951,2,1100.43,1781
410,Animalia,Chordata,Reptilia,Squamata,Colubridae,Natrix,Natrix_species_252,2608639,43.1,841236,4,653.11,1865
411,Animalia,Chordata,Mammalia,Carnivora,Felidae,Panthera,Panthera_species_394,11197422,38.2,236717,3,631.47,1872
412,Plantae,Magnoliophyta,Rosopsida,Rosales,Rosaceae,Malus,Malus_species_129,7691077,11.4,993564,1,754.45,1827
413,Animalia,Chordata,Aves,Passeriformes,Corvidae,Corvus,Corvus_species_855,1062551,31.2,631312,3,902.06,1778
414,Animalia,Chordata,Reptilia,Testudines,Cheloniidae,Chelonia,Chelonia_species_753,1451799,27.1,323874,5,0.34,1929
415,Plantae,Magnoliophyta,Rosopsida,Rosales,Rosaceae,Malus,Malus_species_779,7715443,9.6,1147560,2,850.33,1828
416,Animalia,Chordata,Mammalia,Rodentia,Sciuridae,Sciurus,Sciurus_species_148,5241201,28.3,811543,5,761.38,1753
417,Fungi,Ascomycota,Saccharomycetes,Saccharomycetales,Saccharomycetaceae,Saccharomyces,Saccharomyces_species_300,5657920,59.7,306960,3,679.41,2009
418,Animalia,Chordata,Aves,Falconiformes,Falconidae,Falco,Falco_species_972,8860541,4.0,272987,5,830.62,2006
419,Animalia,Chordata,Mammalia,Carnivora,Felidae,Felis,Felis_species_962,4616473,33.0,126356,5,322.31,2007
420,Plantae,Magnoliophyta,Rosopsida,Rosales,Rosaceae,Prunus,Prunus_species_777,8872420,44.5,261946,5,14.28,1802
421,Animalia,Chordata,Mammalia,Primates,Hominidae,Pan,Pan_species_357,8935033,2.9,751219,1,979.4,1725
422,Animalia,Chordata,Reptilia,Squamata,Colubridae,Natrix,Natrix_species_798,971428,8.9,1261233,5,938.08,1728
423,Animalia,Chordata,Mammalia,Rodentia,Sciuridae,Tamias,Tamias_species_685,334923,7.7,367116,5,496.75,1837
424,Animalia,Chordata,Reptilia,Testudines,Cheloniidae,Chelonia,Chelonia_species_336,3043808,46.0,944921,5,386.9,1724
425,Animalia,Chordata,Reptilia,Testudines,Cheloniidae,Chelonia,Chelonia_species_888,1415825,26.0,423240,4,0.33,1935
426,Animalia,Chordata,Mammalia,Primates,Cebidae,Saimiri,Saimiri_species_400,4510724,36.2,591652,5,994.84,1986
427,Animalia,Chordata,Reptilia,Testudines,Cheloniidae,Chelonia,Chelonia_species_137,1262214,22.5,427635,5,0.3,1938
428,Animalia,Chordata,Mammalia,Carnivora,Felidae,Panthera,Panthera_species_593,8631028,18.9,602362,1,890.32,1948
429,Animalia,Chordata,Aves,Falconiformes,Falconidae,Falco,Falco_species_454,5931487,44.0,528619,3,558.74,1960
430,Animalia,Chordata,Mammalia,Carnivora,Felidae,Felis,Felis_species_723,5788476,36.8,78633,5,405.99,2001
431,Fungi,Zygomycota,Zygomycetes,Mucorales,Mucoraceae,Mucor,Mucor_species_661,2745830,6.6,265901,1,280.21,1904
432,Animalia,Chordata,Mammalia,Carnivora,Felidae,Felis,Felis_species_556,6554667,33.5,122272,5,425.77,1998
433,Plantae,Magnoliophyta,Rosopsida,Rosales,Rosaceae,Malus,Malus_species_920,49255,36.8,396430,3,419.58,1735
434,Animalia,Chordata,Aves,Anseriformes,Anatidae,Anas,Anas_species_193,8534094,85.7,502705,3,590.1,1714
435,Plantae,Magnoliophyta,Rosopsida,Rosales,Moraceae,Ficus,Ficus_species_895,9941576,82.2,271768,4,377.24,1829
436,Animalia,Chordata,Aves,Falconiformes,Falconidae,Falco,Falco_species_446,7227702,31.5,663088,5,515.67,1961
437,Animalia,Chordata,Aves,Passeriformes,Paridae,Parus,Parus_species_170,7139856,9.8,774587,4,936.38,2020
438,Animalia,Chordata,Mammalia,Rodentia,Sciuridae,Tamias,Tamias_species_194,9435934,112.7,25018,2,165.88,1769
439,Fungi,Basidiomycota,Agaricomycetes,Agaricales,Agaricaceae,Agaricus,Agaricus_species_497,5563957,32.9,442029,2,940.44,1828
440,Animalia,Chordata,Mammalia,Rodentia,Sciuridae,Tamias,Tamias_species_661,3525770,8.7,358882,5,754.82,1892
441,Animalia,Chordata,Mammalia,Carnivora,Canidae,Vulpes,Vulpes_species_714,4357384,78.4,661673,3,819.1,1985
442,Animalia,Chordata,Mammalia,Carnivora,Canidae,Canis,Canis_species_957,4721755,64.6,394558,1,240.9,1829
443,Fungi,Basidiomycota,Agaricomycetes,Agaricales,Agaricaceae,Agaricus,Agaricus_species_697,6478115,93.4,716770,3,320.69,1984
444,Animalia,Chordata,Aves,Anseriformes,Anatidae,Anas,Anas_species_500,2845931,65.9,748998,2,827.92,1781
445,Animalia,Chordata,Mammalia,Carnivora,Felidae,Panthera,Panthera_species_110,10211784,25.0,655392,1,887.26,1952
446,Plantae,Magnoliophyta,Liliopsida,Poales,Poaceae,Zea,Zea_species_762,9107845,80.3,385561,3,707.65,1786
447,Plantae,Magnoliophyta,Rosopsida,Fagales,Fagaceae,Quercus,Quercus_species_931,4810095,84.8,793551,2,525.88,1796
448,Plantae,Bryophyta,Bryopsida,Polytrichales,Polytrichaceae,Polytrichum,Polytrichum_species_873,6870504,36.8,474349,2,266.57,2003
449,Animalia,Chordata,Aves,Passeriformes,Paridae,Parus,Parus_species_920,7203992,64.0,696177,4,141.43,1901
450,Animalia,Chordata,Aves,Anseriformes,Anatidae,Anas,Anas_species_737,9012988,89.2,580732,1,710.57,1709
451,Animalia,Chordata,Aves,Falconiformes,Falconidae,Falco,Falco_species_767,2420940,36.5,773722,1,534.07,1956
452,Plantae,Magnoliophyta,Rosopsida,Fagales,Fagaceae,Quercus,Quercus_species_542,10128817,30.8,1110252,4,643.0,2017
453,Animalia,Chordata,Mammalia,Carnivora,Felidae,Panthera,Panthera_species_686,6434815,45.3,693411,1,296.41,1826
454,Fungi,Zygomycota,Zygomycetes,Mucorales,Mucoraceae,Mucor,Mucor_species_620,307209,7.9,591788,5,107.11,1724
455,Plantae,Magnoliophyta,Liliopsida,Poales,Poaceae,Zea,Zea_species_738,435034,68.7,71077,4,667.26,1869
456,Animalia,Chordata,Mammalia,Carnivora,Felidae,Panthera,Panthera_species_502,10218490,50.4,300190,2,711.83,1873
457,Animalia,Chordata,Reptilia,Squamata,Colubridae,Natrix,Natrix_species_873,5772971,94.5,422720,4,664.36,1792
458,Animalia,Chordata,Mammalia,Carnivora,Felidae,Panthera,Panthera_species_489,752513,48.1,690480,4,479.83,1767
459,Animalia,Chordata,Mammalia,Rodentia,Muridae,Mus,Mus_species_962,2458955,3.3,498086,2,54.08,1828
460,Plantae,Magnoliophyta,Rosopsida,Rosales,Moraceae,Ficus,Ficus_species_737,7733658,63.2,299438,3,436.08,1834
461,Plantae,Bryophyta,Bryopsida,Polytrichales,Polytrichaceae,Polytrichum,Polytrichum_species_540,5468752,35.9,624246,2,269.45,2011
462,Plantae,Bryophyta,Bryopsida,Polytrichales,Polytrichaceae,Polytrichum,Polytrichum_species_772,6015370,34.9,721061,2,286.55,1998
463,Animalia,Chordata,Aves,Passeriformes,Paridae,Parus,Parus_species_594,6256110,42.5,568411,2,26.83,1773
464,Plantae,Magnoliophyta,Rosopsida,Fagales,Fagaceae,Quercus,Quercus_species_428,1328141,41.1,626829,4,277.09,1780
465,Plantae,Magnoliophyta,Rosopsida,Rosales,Rosaceae,Malus,Malus_species_883,53037,36.4,352515,3,429.59,1734
466,Animalia,Chordata,Mammalia,Carnivora,Canidae,Canis,Canis_species_430,4093914,69.5,379456,1,272.41,1830
467,Animalia,Chordata,Mammalia,Carnivora,Felidae,Panthera,Panthera_species_557,8159615,36.7,305968,1,620.07,1864
468,Animalia,Chordata,Mammalia,Primates,Hominidae,Homo,Homo_species_621,3648597,15.5,550085,2,883.52,1856
470,Animalia,Chordata,Mammalia,Rodentia,Muridae,Mus,Mus_species_847,10163200,80.4,826882,4,8.94,1877
471,Plantae,Bryophyta,Bryopsida,Polytrichales,Polytrichaceae,Polytrichum,Polytrichum_species_163,5695467,23.0,708611,1,57.54,1855
472,Animalia,Chordata,Aves,Anseriformes,Anatidae,Anas,Anas_species_172,7186351,86.0,368413,4,1003.72,1988
473,Animalia,Chordata,Mammalia,Primates,Cebidae,Cebus,Cebus_species_394,557185,13.1,732660,2,738.48,1860
474,Animalia,Chordata,Mammalia,Rodentia,Sciuridae,Tamias,Tamias_species_249,4887156,6.8,372518,5,893.64,1886
475,Animalia,Chordata,Aves,Passeriformes,Corvidae,Corvus,Corvus_species_384,2083178,22.5,206877,3,678.67,1768
476,Animalia,Chordata,Mammalia,Primates,Cebidae,Cebus,Cebus_species_549,1275667,54.7,260143,5,59.59,1890
477,Plantae,Coniferophyta,Pinopsida,Pinales,Pinaceae,Pinus,Pinus_species_271,3151875,1.5,112687,2,387.12,1769
478,Plantae,Coniferophyta,Pinopsida,Pinales,Pinaceae,Pinus,Pinus_species_875,7252417,96.7,512278,1,241.44,1934
479,Animalia,Chordata,Mammalia,Carnivora,Felidae,Panthera,Panthera_species_875,10912097,21.7,632802,2,808.84,1951
480,Plantae,Bryophyta,Bryopsida,Polytrichales,Polytrichaceae,Polytrichum,Polytrichum_species_922,7208699,24.9,951351,1,50.26,1844
481,Animalia,Chordata,Mammalia,Rodentia,Muridae,Mus,Mus_species_773,3418930,61.7,53765,3,206.12,1952
482,Animalia,Chordata,Mammalia,Primates,Cebidae,Cebus,Cebus_species_135,1193315,46.8,248126,4,74.14,1889
483,Plantae,Magnoliophyta,Rosopsida,Rosales,Moraceae,Ficus,Ficus_species_548,11256129,86.9,280518,3,413.61,1822
484,Animalia,Chordata,Mammalia,Rodentia,Muridae,Mus,Mus_species_171,287395,83.6,869457,1,1073.42,2010
485,Animalia,Chordata,Mammalia,Primates,Cebidae,Saimiri,Saimiri_species_334,4386120,44.2,610833,5,827.6,1986
486,Plantae,Magnoliophyta,Rosopsida,Rosales,Rosaceae,Malus,Malus_species_609,7017544,64.2,301558,3,50.03,1749
487,Animalia,Chordata,Mammalia,Rodentia,Sciuridae,Tamias,Tamias_species_858,5126023,58.3,695593,4,215.67,1743
488,Animalia,Chordata,Mammalia,Primates,Hominidae,Pan,Pan_species_554,8987076,2.5,593722,1,1056.48,1727
489,Plantae,Magnoliophyta,Rosopsida,Rosales,Rosaceae,Prunus,Prunus_species_218,4766194,16.0,1025513,2,233.45,1816
490,Animalia,Chordata,Reptilia,Testudines,Cheloniidae,Chelonia,Chelonia_species_612,3487348,35.4,885251,4,353.23,1718
491,Animalia,Chordata,Mammalia,Rodentia,Sciuridae,Sciurus,Sciurus_species_150,6059222,38.4,632301,4,687.31,1754
492,Animalia,Chordata,Aves,Anseriformes,Anatidae,Anas,Anas_species_577,9406842,75.6,680762,3,723.74,1711
493,Animalia,Chordata,Mammalia,Carnivora,Canidae,Canis,Canis_species_808,262302,14.0,195048,1,878.87,1781
494,Plantae,Bryophyta,Bryopsida,Polytrichales,Polytrichaceae,Polytrichum,Polytrichum_species_609,1978884,67.1,1040426,1,2.4,2020
495,Animalia,Chordata,Mammalia,Rodentia,Muridae,Mus,Mus_species_836,8618012,111.9,704406,5,9.38,1895
496,Plantae,Magnoliophyta,Rosopsida,Rosales,Moraceae,Ficus,Ficus_species_177,2817985,2.3,167395,1,544.71,1694
497,Animalia,Chordata,Mammalia,Rodentia,Sciuridae,Tamias,Tamias_species_353,6297638,63.0,676743,5,181.34,1729
498,Animalia,Chordata,Mammalia,Carnivora,Felidae,Felis,Felis_species_197,6594165,37.4,89033,3,344.83,2005
499,Animalia,Chordata,Reptilia,Testudines,Cheloniidae,Chelonia,Chelonia_species_102,10943517,32.2,325300,5,23.62,1803
